{"name": "XGBoost", "dataset": "TFIDF", "acc": 0.8981158408932309, "prec": 0.7421052631578947, "rec": 0.592436974789916, "f_score": 0.6588785046728972}